label,distribution,value
case,count,248742
control,count,248694
case,mean,-0.7584971602139339
control,mean,0.9297617712828062
case,std,0.6992221430885451
control,std,0.6987692413893669
case,min,-3.9809886412300295
control,min,-2.8550480842603707
case,max,2.524204801677264
control,max,3.9543724931860167
case,50%,-0.7578514818898647
control,50%,0.9320264979816753
case,25%,-1.230298152744444
control,25%,0.4599056341706725
case,75%,-0.2880265070800636
control,75%,1.3992905182929969
