Phenotype,t_stat,p_value
Phenotype_A,-158.19189627566303,0.0
Phenotype_B,21.721472037718836,1.4387291168685337e-104
Phenotype_C,-184.20784821057703,0.0
Phenotype_D,-851.7323228888662,0.0
Phenotype_E,136.36822235256142,0.0
